task_id,domain,task_class,runtime_commit,verified_dataset_commit,gold_pass,noop_pass,omission_detected,alternative_valid_pass,policy_consistent,official_gold_reward,strict_gold_reward,success_official,success_strict,task_initial_state_hash,environment_initial_state_hash,reward_basis,admitted,failure_reason,exclusion_reason,manual_review_required,flags
[mms_issue]airplane_mode_on|bad_network_preference|bad_wifi_calling|break_apn_mms_setting|break_app_both_permissions|data_mode_off|data_usage_exceeded|unseat_sim_card|user_abroad_roaming_disabled_off[PERSONA:Hard],telecom,normal,a2c024725189473d2d7cea3a5cfdbcc67478e41f,864350a8971a8f8ee9e7b8472e2edc380a806b0c,True,True,True,PASS,True,1.0,1.0,True,True,0d260532742e1a4ecfda4d4b97b2862dc8d9c1c6218bd9e1e63f9a0b45ca1821,4f1aae25b966f695922afa54b333f8e6408bcafbe02caf9c7cc2b4940ba6b919,"[""RewardType.ENV_ASSERTION""]",True,,,False,[]
[mms_issue]airplane_mode_on|bad_network_preference|bad_wifi_calling|break_apn_mms_setting|break_app_both_permissions|data_mode_off|data_usage_exceeded|unseat_sim_card|user_abroad_roaming_disabled_on[PERSONA:Hard],telecom,normal,a2c024725189473d2d7cea3a5cfdbcc67478e41f,864350a8971a8f8ee9e7b8472e2edc380a806b0c,True,True,True,PASS,True,1.0,1.0,True,True,8701c66bb81080cc91ae128c4f5109c652ba19576d15b536a95485bef936427f,e0b6e235043f83bc0d631526bb25bd580cdd5a3ce56be86e3172959c12e85b71,"[""RewardType.ENV_ASSERTION""]",True,,,False,[]
[mms_issue]airplane_mode_on|bad_network_preference|bad_wifi_calling|break_apn_mms_setting|break_app_sms_permission|data_mode_off|data_usage_exceeded|unseat_sim_card|user_abroad_roaming_enabled_off[PERSONA:None],telecom,normal,a2c024725189473d2d7cea3a5cfdbcc67478e41f,864350a8971a8f8ee9e7b8472e2edc380a806b0c,True,True,True,PASS,True,1.0,1.0,True,True,2776fe26e250eff08815768972b8d7eae44eb1349fd25c80e5e4e6a4c29d04b6,d3f3738c254eb1ba8ad428790b084265212139f81f1e2a2891fe3ec83ba24a7b,"[""RewardType.ENV_ASSERTION""]",True,,,False,[]
[mms_issue]airplane_mode_on|bad_network_preference|bad_wifi_calling|break_apn_mms_setting|break_app_storage_permission|data_mode_off|data_usage_exceeded|unseat_sim_card[PERSONA:Easy],telecom,normal,a2c024725189473d2d7cea3a5cfdbcc67478e41f,864350a8971a8f8ee9e7b8472e2edc380a806b0c,True,True,True,PASS,True,1.0,1.0,True,True,c78e230cdb043cc874739db82e5425027cd956d09de9afe127e44b4dba4133b3,4bc47c93bcfe64c1ab9a6a595c40074da4f9f0519c75b34de19eeb2313d7532b,"[""RewardType.ENV_ASSERTION""]",True,,,False,[]
[mms_issue]airplane_mode_on|bad_network_preference|bad_wifi_calling|break_apn_mms_setting|break_app_storage_permission|data_mode_off|data_usage_exceeded|unseat_sim_card|user_abroad_roaming_disabled_off[PERSONA:Easy],telecom,normal,a2c024725189473d2d7cea3a5cfdbcc67478e41f,864350a8971a8f8ee9e7b8472e2edc380a806b0c,True,True,True,PASS,True,1.0,1.0,True,True,ceaed886ae42d5ac291e9a67947cba1eada17ebd34cfc76315f472a8dbc7f9b7,4caf9668237bb8d331bf4342653e52e9828a8a0336388c5e7f82dac00f17b518,"[""RewardType.ENV_ASSERTION""]",True,,,False,[]
[mms_issue]airplane_mode_on|bad_network_preference|bad_wifi_calling|break_apn_mms_setting|break_app_storage_permission|data_usage_exceeded|unseat_sim_card|user_abroad_roaming_disabled_off[PERSONA:Easy],telecom,normal,a2c024725189473d2d7cea3a5cfdbcc67478e41f,864350a8971a8f8ee9e7b8472e2edc380a806b0c,True,True,True,PASS,True,1.0,1.0,True,True,a07c26d6866567908b88b020304c8553b9333a22e6f076f8ec133590cc3faa2e,c3f2d049e5ba7f81e8156b386c26426fd4134bad21445542a97e254034bcb345,"[""RewardType.ENV_ASSERTION""]",True,,,False,[]
[mms_issue]airplane_mode_on|bad_network_preference|bad_wifi_calling|break_app_sms_permission|data_mode_off|data_usage_exceeded|unseat_sim_card|user_abroad_roaming_disabled_off[PERSONA:None],telecom,normal,a2c024725189473d2d7cea3a5cfdbcc67478e41f,864350a8971a8f8ee9e7b8472e2edc380a806b0c,True,True,True,PASS,True,1.0,1.0,True,True,fe91cb5fe40ca6d8091e405d1319079074de0b1d67fbae44eb9aa8eccda17b44,f4f25428b930f11e417bea3c55d43b5aaf3d9e20581db11613dc9edf91ff2e04,"[""RewardType.ENV_ASSERTION""]",True,,,False,[]
[mms_issue]airplane_mode_on|bad_network_preference|bad_wifi_calling|break_app_storage_permission|data_mode_off|data_usage_exceeded|unseat_sim_card|user_abroad_roaming_enabled_off[PERSONA:Hard],telecom,normal,a2c024725189473d2d7cea3a5cfdbcc67478e41f,864350a8971a8f8ee9e7b8472e2edc380a806b0c,True,True,True,PASS,True,1.0,1.0,True,True,e7f8ef22aa2ccdbba210055a1acd2cb7ea8322d427626900243db8a65eea6aee,7694d94b6cc03b02d7163b37725b9238608f35b8215a59d05689a2f716bdf2ad,"[""RewardType.ENV_ASSERTION""]",True,,,False,[]
[mms_issue]airplane_mode_on|bad_network_preference|bad_wifi_calling|break_app_storage_permission|unseat_sim_card[PERSONA:Hard],telecom,normal,a2c024725189473d2d7cea3a5cfdbcc67478e41f,864350a8971a8f8ee9e7b8472e2edc380a806b0c,True,True,True,PASS,True,1.0,1.0,True,True,0b998a218f4af24efdb35a00c3b3b1b016e8b547c3324cf4135ce005eac3d749,66aa84c9287e82053dc48f64c9107fb1c32d4938a5b6f3770a5a9809a4c3e701,"[""RewardType.ENV_ASSERTION""]",True,,,False,[]
[mms_issue]airplane_mode_on|bad_network_preference|bad_wifi_calling|data_usage_exceeded|unseat_sim_card|user_abroad_roaming_disabled_on[PERSONA:Easy],telecom,normal,a2c024725189473d2d7cea3a5cfdbcc67478e41f,864350a8971a8f8ee9e7b8472e2edc380a806b0c,True,True,True,PASS,True,1.0,1.0,True,True,da3a52e0e4c8bef87fe21af2e927989df6eda5b241c42ba44ee2b96c5e3108f8,6e403477562c6511aa92331d4aa0fb65f178d7a19fc6b81bdb7e8f94dfeebabb,"[""RewardType.ENV_ASSERTION""]",True,,,False,[]
[mms_issue]airplane_mode_on|bad_network_preference|break_apn_mms_setting|break_app_both_permissions|data_mode_off|data_usage_exceeded|user_abroad_roaming_enabled_off[PERSONA:None],telecom,normal,a2c024725189473d2d7cea3a5cfdbcc67478e41f,864350a8971a8f8ee9e7b8472e2edc380a806b0c,True,True,True,PASS,True,1.0,1.0,True,True,00ff701d2c79f4e07f46a223595708123f161655441842c77bb8b05037c5226b,d305fee0de4d1e95166ab4cb443f4dd4ef223bf28b5eafe4adf9f6478fdf596e,"[""RewardType.ENV_ASSERTION""]",True,,,False,[]
[mms_issue]airplane_mode_on|bad_network_preference|break_apn_mms_setting|break_app_storage_permission[PERSONA:None],telecom,normal,a2c024725189473d2d7cea3a5cfdbcc67478e41f,864350a8971a8f8ee9e7b8472e2edc380a806b0c,True,True,True,PASS,True,1.0,1.0,True,True,2fe7eebdbede61ab0262570f44ad14fb0b500f33bcef424747a10b431a552e3d,863e5e62ce9c2113cf11c3a3b7b6d3f8eaec6f127be0d2fde64cef58c484d02a,"[""RewardType.ENV_ASSERTION""]",True,,,False,[]
[mms_issue]airplane_mode_on|bad_network_preference|break_apn_mms_setting|data_mode_off|unseat_sim_card|user_abroad_roaming_disabled_off[PERSONA:Easy],telecom,normal,a2c024725189473d2d7cea3a5cfdbcc67478e41f,864350a8971a8f8ee9e7b8472e2edc380a806b0c,True,True,True,PASS,True,1.0,1.0,True,True,ddfb59e2cc291b20f3c1da80b78dc8d43d7d9aaf5146218ab71beb239332daf8,742273c6797a05226a16e0aca3930bad35292b5221081ec322a39ad80a8e6fce,"[""RewardType.ENV_ASSERTION""]",True,,,False,[]
[mms_issue]airplane_mode_on|bad_network_preference|break_apn_mms_setting|data_usage_exceeded[PERSONA:Hard],telecom,normal,a2c024725189473d2d7cea3a5cfdbcc67478e41f,864350a8971a8f8ee9e7b8472e2edc380a806b0c,True,True,True,PASS,True,1.0,1.0,True,True,2e7575cf115e5dc0da288e10375d8b13d5fd9e1cce3d1a07761f8e7fa787facb,c1106190f0f004007d13a1c325a71a5dd0508b3c97e28fdb04a60da1111c9a17,"[""RewardType.ENV_ASSERTION""]",True,,,False,[]
[mms_issue]airplane_mode_on|bad_network_preference|data_usage_exceeded[PERSONA:None],telecom,normal,a2c024725189473d2d7cea3a5cfdbcc67478e41f,864350a8971a8f8ee9e7b8472e2edc380a806b0c,True,True,True,PASS,True,1.0,1.0,True,True,270fae47e04097201fcb05da675e0c92d3e3d49d0bef99b23cc3e7cce63d2c0d,9b19b59c5c50c822d58ecae02309288d43e8f780d3779ad1100cc445e8b4cd99,"[""RewardType.ENV_ASSERTION""]",True,,,False,[]
[mms_issue]bad_network_preference|bad_wifi_calling|break_apn_mms_setting|break_app_storage_permission|data_mode_off|data_usage_exceeded|unseat_sim_card[PERSONA:Easy],telecom,normal,a2c024725189473d2d7cea3a5cfdbcc67478e41f,864350a8971a8f8ee9e7b8472e2edc380a806b0c,True,True,True,PASS,True,1.0,1.0,True,True,405f14d746330bcc598d9e70ed7e81b5e74d8de3f3b6db9a872a6cb932e1e01e,fbf39f00f5fa37a2c271a088cf1ec33ce61e891a92b67f1f6b3267e7867fd365,"[""RewardType.ENV_ASSERTION""]",True,,,False,[]
[mms_issue]bad_network_preference|bad_wifi_calling|break_app_both_permissions|data_usage_exceeded|unseat_sim_card|user_abroad_roaming_disabled_off[PERSONA:None],telecom,normal,a2c024725189473d2d7cea3a5cfdbcc67478e41f,864350a8971a8f8ee9e7b8472e2edc380a806b0c,True,True,True,PASS,True,1.0,1.0,True,True,e1eff3d1b409650b609f688dff082340bb8ea9a49ee406232714fdd34529ff17,8943cb701506c40578970a7fe8f2e2573d01617454974264f75b17e24dc093da,"[""RewardType.ENV_ASSERTION""]",True,,,False,[]
[mms_issue]bad_network_preference|bad_wifi_calling|break_app_both_permissions|data_usage_exceeded|user_abroad_roaming_disabled_off[PERSONA:Hard],telecom,normal,a2c024725189473d2d7cea3a5cfdbcc67478e41f,864350a8971a8f8ee9e7b8472e2edc380a806b0c,True,True,True,PASS,True,1.0,1.0,True,True,a8431071fec66cc2ef5ff991cff3881ac37a6ddb6c85fb8e8f196a22e8852162,81aa6a8a4b5b2f96f4b148c3702ed364bcd4018bff35f020437eded6f6aca7fc,"[""RewardType.ENV_ASSERTION""]",True,,,False,[]
[mms_issue]bad_network_preference|bad_wifi_calling|break_app_sms_permission|data_mode_off|unseat_sim_card|user_abroad_roaming_enabled_off[PERSONA:Hard],telecom,normal,a2c024725189473d2d7cea3a5cfdbcc67478e41f,864350a8971a8f8ee9e7b8472e2edc380a806b0c,True,True,True,PASS,True,1.0,1.0,True,True,7caf665c0ce0406ddf3dd52ed25eeaef8074976e619b6dddc5090073b2a83c3b,f4469ca4606b5e3f2753df733e284d7d5a1ff7e495d97579e26c0c28b87850e0,"[""RewardType.ENV_ASSERTION""]",True,,,False,[]
[mms_issue]bad_network_preference|break_app_sms_permission|data_mode_off|data_usage_exceeded|user_abroad_roaming_enabled_off[PERSONA:None],telecom,normal,a2c024725189473d2d7cea3a5cfdbcc67478e41f,864350a8971a8f8ee9e7b8472e2edc380a806b0c,True,True,True,PASS,True,1.0,1.0,True,True,f38197445e987cdc83f0ce79b76e6b9764456fc8f4d342eac07e715c375fce96,8c140ad0730763a1adc83983d5c3dce37b9c659ca01da9220c2752359342101d,"[""RewardType.ENV_ASSERTION""]",True,,,False,[]
[mms_issue]bad_network_preference|user_abroad_roaming_disabled_off[PERSONA:None],telecom,normal,a2c024725189473d2d7cea3a5cfdbcc67478e41f,864350a8971a8f8ee9e7b8472e2edc380a806b0c,True,True,True,PASS,True,1.0,1.0,True,True,e509ee56fb983156c1b94c38cec778db5ea18c87bf6c7104cd9b114cae2dec5c,955ea75f471acd964e92487eee26d478eb7447c36ee2b0dcad3959769dcf9a8a,"[""RewardType.ENV_ASSERTION""]",True,,,False,[]
[mms_issue]bad_network_preference|user_abroad_roaming_disabled_on[PERSONA:None],telecom,normal,a2c024725189473d2d7cea3a5cfdbcc67478e41f,864350a8971a8f8ee9e7b8472e2edc380a806b0c,True,True,True,PASS,True,1.0,1.0,True,True,50698b925205b289da7b272408929bf390008912a73704f7ec032c0ffcd1d65d,2e7d78f61312127c18053e0daea7aee1f87288f8f77553292023dbdd15becf67,"[""RewardType.ENV_ASSERTION""]",True,,,False,[]
[mms_issue]bad_wifi_calling|break_apn_mms_setting|break_app_sms_permission|data_usage_exceeded[PERSONA:Hard],telecom,normal,a2c024725189473d2d7cea3a5cfdbcc67478e41f,864350a8971a8f8ee9e7b8472e2edc380a806b0c,True,True,True,PASS,True,1.0,1.0,True,True,c2bcb7782f73844ccae4fa50f6c7e17a9b9cbd2f3152ca8c309545649761df80,788a7ac70eb17f2318ee4ff9a19d2fc02b9ff6394d3c5138c69fe9a28a9516d3,"[""RewardType.ENV_ASSERTION""]",True,,,False,[]
[mms_issue]bad_wifi_calling|break_apn_mms_setting|data_mode_off|data_usage_exceeded|unseat_sim_card[PERSONA:None],telecom,normal,a2c024725189473d2d7cea3a5cfdbcc67478e41f,864350a8971a8f8ee9e7b8472e2edc380a806b0c,True,True,True,PASS,True,1.0,1.0,True,True,1a646db5cf38c156d18ccfb1a4bd0e9928b23c116e10c3c19a481047caa51c77,9fa3dabcdc58867f6b7ef36c660ae685334a5fa64173c3117536dae739b09719,"[""RewardType.ENV_ASSERTION""]",True,,,False,[]
[mms_issue]bad_wifi_calling|break_apn_mms_setting|unseat_sim_card|user_abroad_roaming_enabled_off[PERSONA:Easy],telecom,normal,a2c024725189473d2d7cea3a5cfdbcc67478e41f,864350a8971a8f8ee9e7b8472e2edc380a806b0c,True,True,True,PASS,True,1.0,1.0,True,True,46ea9cc55349af5e9db7fc68d4134d8d621fafcca2b7250383dbfed6263af728,919335a9127a8709740ceba14b6d8fc532556dd55c6750f98c49d001d1af88ca,"[""RewardType.ENV_ASSERTION""]",True,,,False,[]
[mms_issue]bad_wifi_calling|data_mode_off|data_usage_exceeded[PERSONA:Easy],telecom,normal,a2c024725189473d2d7cea3a5cfdbcc67478e41f,864350a8971a8f8ee9e7b8472e2edc380a806b0c,True,True,True,PASS,True,1.0,1.0,True,True,8a58a5635054c2a1d7df244f2142363fbb6d35c189f819e69cafc75bbefc8cf2,745de2dba385a79a1dbbf558505e2cbfaf55c5502c8cdbee152aa58223aebceb,"[""RewardType.ENV_ASSERTION""]",True,,,False,[]
[mms_issue]break_apn_mms_setting|data_mode_off|data_usage_exceeded|user_abroad_roaming_disabled_on[PERSONA:Hard],telecom,normal,a2c024725189473d2d7cea3a5cfdbcc67478e41f,864350a8971a8f8ee9e7b8472e2edc380a806b0c,True,True,True,NOT_CONSTRUCTIBLE,True,1.0,1.0,True,True,577564d504a09862e7864a4f03433a70071fac641106393ef358bde9ad6f8fc2,7dcba0a71da3d55b9f44b6c94a4cb5bd80f701b8588b534f4ddffd40986bfff9,"[""RewardType.ENV_ASSERTION""]",True,,,True,"[""alternative_not_constructible""]"
[mms_issue]break_apn_mms_setting|data_mode_off|user_abroad_roaming_disabled_on[PERSONA:Hard],telecom,normal,a2c024725189473d2d7cea3a5cfdbcc67478e41f,864350a8971a8f8ee9e7b8472e2edc380a806b0c,True,True,True,NOT_CONSTRUCTIBLE,True,1.0,1.0,True,True,04d4e747a767359e3a9f5d55d3d73e766899ed79b483e72be16b0d8ff8a8bf9b,c11b0af086b5f7503e36be050184e4dfe6f25c50a055f1cb2be2b429b8c759b4,"[""RewardType.ENV_ASSERTION""]",True,,,True,"[""alternative_not_constructible""]"
[mms_issue]break_app_both_permissions|data_usage_exceeded[PERSONA:Hard],telecom,normal,a2c024725189473d2d7cea3a5cfdbcc67478e41f,864350a8971a8f8ee9e7b8472e2edc380a806b0c,True,True,True,PASS,True,1.0,1.0,True,True,cf492bc45a2282d5268d1dde441abf5c1450a6018fbfcfcef365ebe75f4cf759,3f86b9b26fe74090f12c3fe3eebbc4e972f04176514e9d2e7c177df71750bb71,"[""RewardType.ENV_ASSERTION""]",True,,,False,[]
[mms_issue]break_app_both_permissions|unseat_sim_card|user_abroad_roaming_disabled_on[PERSONA:Hard],telecom,normal,a2c024725189473d2d7cea3a5cfdbcc67478e41f,864350a8971a8f8ee9e7b8472e2edc380a806b0c,True,True,True,PASS,True,1.0,1.0,True,True,d9c0c1b84d2991177eb0c70ccdf309463c2400b38bf75135047bad5296bba175,6c6ab8974a57bd4f21f7276810b2a6ab51ec3a8b71298e25e173a7aee7c11064,"[""RewardType.ENV_ASSERTION""]",True,,,False,[]
[mms_issue]break_app_sms_permission|data_usage_exceeded|user_abroad_roaming_disabled_on[PERSONA:None],telecom,normal,a2c024725189473d2d7cea3a5cfdbcc67478e41f,864350a8971a8f8ee9e7b8472e2edc380a806b0c,True,True,True,PASS,True,1.0,1.0,True,True,457b93b2a4e5e467a64b6f2d40852fb7d3a52a8bd6dc3a2329593a61a42ca9a7,391fee0a479078d9a9ec7f170c471c9b4e88febdf2d2b5d8f3ab751f3378e3a1,"[""RewardType.ENV_ASSERTION""]",True,,,False,[]
[mms_issue]break_app_storage_permission|data_usage_exceeded[PERSONA:Easy],telecom,normal,a2c024725189473d2d7cea3a5cfdbcc67478e41f,864350a8971a8f8ee9e7b8472e2edc380a806b0c,True,True,True,PASS,True,1.0,1.0,True,True,8918a90bda357aaf4da648c8ff63a5f65843a316847e3fc5004a61f4633765a1,3c3b44b1839b3b485a8145449d2e1de7c140e6d4820f2a06bd222f86c847e708,"[""RewardType.ENV_ASSERTION""]",True,,,False,[]
[mms_issue]break_app_storage_permission|unseat_sim_card|user_abroad_roaming_disabled_on[PERSONA:Easy],telecom,normal,a2c024725189473d2d7cea3a5cfdbcc67478e41f,864350a8971a8f8ee9e7b8472e2edc380a806b0c,True,True,True,PASS,True,1.0,1.0,True,True,efcfe4b30dbf12100b17d368033605a6aed863dd0513ef0badbbccd047664ec5,9445fb054f3ead6a0281687d845555a2245743113b7ca5f09102784c7574237f,"[""RewardType.ENV_ASSERTION""]",True,,,False,[]
[mobile_data_issue]airplane_mode_on|bad_network_preference[PERSONA:Hard],telecom,normal,a2c024725189473d2d7cea3a5cfdbcc67478e41f,864350a8971a8f8ee9e7b8472e2edc380a806b0c,True,True,True,PASS,True,1.0,1.0,True,True,d2502aba33210231f7ded6b9d2a6a419292a08d59a766fab763b25cd975843fd,32d1f179aec968ed9670a6841491cf4ff3f51d6024fb1b11956ffdc52f1c014f,"[""RewardType.ENV_ASSERTION""]",True,,,False,[]
[mobile_data_issue]airplane_mode_on|bad_network_preference|bad_vpn|data_mode_off|data_saver_mode_on|data_usage_exceeded|user_abroad_roaming_disabled_off[PERSONA:Hard],telecom,normal,a2c024725189473d2d7cea3a5cfdbcc67478e41f,864350a8971a8f8ee9e7b8472e2edc380a806b0c,True,True,True,PASS,True,1.0,1.0,True,True,5498a2b5d5e451beb916bf88a0fcdfc90ea1f78ebee1b48b2739fa2559a37e6c,ba23011ad0020b05819e24c7633a91d9f93372195c19a882e92271eb457f4c92,"[""RewardType.ENV_ASSERTION""]",True,,,False,[]
[mobile_data_issue]airplane_mode_on|bad_network_preference|bad_vpn|data_mode_off|data_saver_mode_on|data_usage_exceeded|user_abroad_roaming_disabled_on[PERSONA:None],telecom,normal,a2c024725189473d2d7cea3a5cfdbcc67478e41f,864350a8971a8f8ee9e7b8472e2edc380a806b0c,True,True,True,PASS,True,1.0,1.0,True,True,c0ea9fb3156da530b52bbae066b82af86dcea6c2485209c41fab841a90690b12,98c9e443fdd6ac1d6f3afa1f97c91210114259d6346cd64266811645261d385b,"[""RewardType.ENV_ASSERTION""]",True,,,False,[]
[mobile_data_issue]airplane_mode_on|bad_network_preference|bad_vpn|data_mode_off|data_saver_mode_on|user_abroad_roaming_disabled_off[PERSONA:Hard],telecom,normal,a2c024725189473d2d7cea3a5cfdbcc67478e41f,864350a8971a8f8ee9e7b8472e2edc380a806b0c,True,True,True,PASS,True,1.0,1.0,True,True,79904a82525f98cc817903f5b19261b1e3822fa2bc9c82eb5b7a77730ee4f5bd,35393162b4f3e141bd93d25e06a2d8a975d3a2c4a22faff02182c11fef2697d7,"[""RewardType.ENV_ASSERTION""]",True,,,False,[]
[mobile_data_issue]airplane_mode_on|bad_network_preference|bad_vpn|data_mode_off|data_usage_exceeded|user_abroad_roaming_enabled_off[PERSONA:Easy],telecom,normal,a2c024725189473d2d7cea3a5cfdbcc67478e41f,864350a8971a8f8ee9e7b8472e2edc380a806b0c,True,True,True,PASS,True,1.0,1.0,True,True,72245732aa1dcfdb890d9ff2d6d917db4d7829bef7d4b17e8939d165104af3d6,7a38628a4af38b88f6066b2feb5c349eb06086973b1c554ecaa7edc655f25242,"[""RewardType.ENV_ASSERTION""]",True,,,False,[]
[mobile_data_issue]airplane_mode_on|bad_network_preference|bad_vpn|data_saver_mode_on|data_usage_exceeded|user_abroad_roaming_enabled_off[PERSONA:None],telecom,normal,a2c024725189473d2d7cea3a5cfdbcc67478e41f,864350a8971a8f8ee9e7b8472e2edc380a806b0c,True,True,True,PASS,True,1.0,1.0,True,True,7b3b705994cf7f3d368091bfd15ccfdd892ebf0473fb2c85fb34dbff94eb13fb,e1a9d1c1fc585a4eb17185a9774637bdf0d9fc1c2d53ebcc11a75deeb8a634f3,"[""RewardType.ENV_ASSERTION""]",True,,,False,[]
[mobile_data_issue]airplane_mode_on|bad_network_preference|bad_vpn|data_saver_mode_on|user_abroad_roaming_disabled_on[PERSONA:Easy],telecom,normal,a2c024725189473d2d7cea3a5cfdbcc67478e41f,864350a8971a8f8ee9e7b8472e2edc380a806b0c,True,True,True,PASS,True,1.0,1.0,True,True,21b908260b09931205c10682a2c0459073fb5eb6818c10ef9456046a3313ec5b,a06df1b220f37dbfa5422b84b7e08466860e57b3ca4b3244dd49d2938df8331d,"[""RewardType.ENV_ASSERTION""]",True,,,False,[]
[mobile_data_issue]airplane_mode_on|bad_network_preference|data_mode_off|data_saver_mode_on|data_usage_exceeded|user_abroad_roaming_disabled_on[PERSONA:None],telecom,normal,a2c024725189473d2d7cea3a5cfdbcc67478e41f,864350a8971a8f8ee9e7b8472e2edc380a806b0c,True,True,True,PASS,True,1.0,1.0,True,True,fda31f2d1d945a0cff735bdeccd52fa9355730146b924b7164078ea8f348aae2,0714e0f012c1d8f8582db62168b0d1f5db0779df6a2628438acd91f675aa017a,"[""RewardType.ENV_ASSERTION""]",True,,,False,[]
[mobile_data_issue]airplane_mode_on|bad_network_preference|data_mode_off|data_usage_exceeded|user_abroad_roaming_disabled_on[PERSONA:None],telecom,normal,a2c024725189473d2d7cea3a5cfdbcc67478e41f,864350a8971a8f8ee9e7b8472e2edc380a806b0c,True,True,True,PASS,True,1.0,1.0,True,True,b6b8124d2753bc5c85780d2a498f917afcd3dbe21d584a13fc6b5096e664ebd1,9a6c3c2c9765e0e11ef335f09fc110f6c8f8fb7d1fe2981fd547b553a93d06b6,"[""RewardType.ENV_ASSERTION""]",True,,,False,[]
[mobile_data_issue]airplane_mode_on|bad_network_preference|data_mode_off|user_abroad_roaming_disabled_on[PERSONA:Hard],telecom,normal,a2c024725189473d2d7cea3a5cfdbcc67478e41f,864350a8971a8f8ee9e7b8472e2edc380a806b0c,True,True,True,PASS,True,1.0,1.0,True,True,479dd8f0ec31b3973cfa7aaee26b9577f6f68846207e30fe4c481944cf0557c7,1e9e91cdc53a2c041be249557605e2bf9fadd1e420803d839e8f442d3316163a,"[""RewardType.ENV_ASSERTION""]",True,,,False,[]
[mobile_data_issue]airplane_mode_on|bad_network_preference|data_saver_mode_on|data_usage_exceeded|user_abroad_roaming_disabled_off[PERSONA:None],telecom,normal,a2c024725189473d2d7cea3a5cfdbcc67478e41f,864350a8971a8f8ee9e7b8472e2edc380a806b0c,True,True,True,PASS,True,1.0,1.0,True,True,758e92d4cc4f30269a815eb14c95f6a2fcf3c6249d6572214a09f271d71b4dec,8e7bde78e8a29fdd8d9cb0a23773a182242237aa312d42846f3bb712743a96ff,"[""RewardType.ENV_ASSERTION""]",True,,,False,[]
[mobile_data_issue]airplane_mode_on|bad_network_preference|data_usage_exceeded|user_abroad_roaming_disabled_off[PERSONA:Easy],telecom,normal,a2c024725189473d2d7cea3a5cfdbcc67478e41f,864350a8971a8f8ee9e7b8472e2edc380a806b0c,True,True,True,PASS,True,1.0,1.0,True,True,8287668e70c10d9e7775929fefc3af2c8e76321473baec6dc9add33f494e446c,4ef7438106e79d00ba505e8f5a3663ba88ca4780a13a7f04873ad7f981a7d1d8,"[""RewardType.ENV_ASSERTION""]",True,,,False,[]
[mobile_data_issue]airplane_mode_on|bad_network_preference|user_abroad_roaming_enabled_off[PERSONA:Easy],telecom,normal,a2c024725189473d2d7cea3a5cfdbcc67478e41f,864350a8971a8f8ee9e7b8472e2edc380a806b0c,True,True,True,PASS,True,1.0,1.0,True,True,80fe19833b922ec61d1cf5daa9a10e4acb13acf7fbf8872a1318a24df852b163,ef3fba04957bb49d815b00336a5d3deeee3c013db5efea49dea3ac87ccc4ad1e,"[""RewardType.ENV_ASSERTION""]",True,,,False,[]
[mobile_data_issue]airplane_mode_on|data_mode_off[PERSONA:None],telecom,normal,a2c024725189473d2d7cea3a5cfdbcc67478e41f,864350a8971a8f8ee9e7b8472e2edc380a806b0c,True,True,True,PASS,True,1.0,1.0,True,True,4a9db891a51eef5ca62975bf829b050802535ee25d756de9e3988cf6bff11df8,13a3c35f530d4d23a644800a42e532422f9d84947f6c38d3755bdb18aadafc83,"[""RewardType.ENV_ASSERTION""]",True,,,False,[]
[mobile_data_issue]airplane_mode_on|user_abroad_roaming_enabled_off[PERSONA:None],telecom,normal,a2c024725189473d2d7cea3a5cfdbcc67478e41f,864350a8971a8f8ee9e7b8472e2edc380a806b0c,True,True,True,PASS,True,1.0,1.0,True,True,28f0e60658b45360b28d643345088f37043f5815bb254cf73ec39305966a489e,626be9e6da03ebd1622250ec13c1439c3ec5e4af18736d2c3140cd27d000a95b,"[""RewardType.ENV_ASSERTION""]",True,,,False,[]
[mobile_data_issue]bad_network_preference|bad_vpn|data_mode_off|data_saver_mode_on[PERSONA:None],telecom,normal,a2c024725189473d2d7cea3a5cfdbcc67478e41f,864350a8971a8f8ee9e7b8472e2edc380a806b0c,True,True,True,PASS,True,1.0,1.0,True,True,05e29a8cb9b371f9f382b62c7a6a2b8511e2e44af02df91c1901412761c44195,69b9facbadcba0d50dff52dcdabd88f9d5bf474f41ad0ff7e5f88de14c2d6fd1,"[""RewardType.ENV_ASSERTION""]",True,,,False,[]
[mobile_data_issue]bad_network_preference|bad_vpn|data_usage_exceeded|user_abroad_roaming_disabled_off[PERSONA:Easy],telecom,normal,a2c024725189473d2d7cea3a5cfdbcc67478e41f,864350a8971a8f8ee9e7b8472e2edc380a806b0c,True,True,True,PASS,True,1.0,1.0,True,True,9a7d8be11334149b80cbdb7a7d926da4edfd0333375579de4eeefb0476aebacc,0b467179856bd4f0c1707ecac35f25d52b3445fa503ddce45e352598ed2cf0e5,"[""RewardType.ENV_ASSERTION""]",True,,,False,[]
[mobile_data_issue]bad_network_preference|bad_vpn|user_abroad_roaming_disabled_on[PERSONA:None],telecom,normal,a2c024725189473d2d7cea3a5cfdbcc67478e41f,864350a8971a8f8ee9e7b8472e2edc380a806b0c,True,True,True,PASS,True,1.0,1.0,True,True,9208c42cd79c282042956d03e2fd1ddc10136d37ca68ec753b05ecca50786270,3d3ef42b104fb82457cb099f48522c012c33c66e061a9185e5dfecd868db9927,"[""RewardType.ENV_ASSERTION""]",True,,,False,[]
[mobile_data_issue]bad_network_preference|bad_vpn|user_abroad_roaming_enabled_off[PERSONA:Easy],telecom,normal,a2c024725189473d2d7cea3a5cfdbcc67478e41f,864350a8971a8f8ee9e7b8472e2edc380a806b0c,True,True,True,PASS,True,1.0,1.0,True,True,133069b414ff7d9c66ec3e32f9e2fdd1be90217603d41bd293aaddf7d4819904,6c1115eb43bb217c732ec18bc3df12804079bbb068538f51fd6ee983792c55d4,"[""RewardType.ENV_ASSERTION""]",True,,,False,[]
[mobile_data_issue]bad_network_preference|data_mode_off|data_saver_mode_on|data_usage_exceeded|user_abroad_roaming_disabled_off[PERSONA:Easy],telecom,normal,a2c024725189473d2d7cea3a5cfdbcc67478e41f,864350a8971a8f8ee9e7b8472e2edc380a806b0c,True,True,True,PASS,True,1.0,1.0,True,True,f5810faa6bfa7a1b4fe5a75fb3cd4ce943e6d79315d62623d787522398e849cf,a737e72bd90774fe8a9bef2997a524d5b4278e39066f0a7a2f84f396157ca69f,"[""RewardType.ENV_ASSERTION""]",True,,,False,[]
[mobile_data_issue]bad_network_preference|data_saver_mode_on|data_usage_exceeded[PERSONA:Hard],telecom,normal,a2c024725189473d2d7cea3a5cfdbcc67478e41f,864350a8971a8f8ee9e7b8472e2edc380a806b0c,True,True,True,PASS,True,1.0,1.0,True,True,fd233018bbc804dfccdf464d716ee539f9934b1d1e602bef40523b8a5aebd875,aa4137833c75995cdd4417dcf5bbebd7540cb1ee83584206e2e2f429695a80d1,"[""RewardType.ENV_ASSERTION""]",True,,,False,[]
[mobile_data_issue]bad_network_preference|user_abroad_roaming_enabled_off[PERSONA:Hard],telecom,normal,a2c024725189473d2d7cea3a5cfdbcc67478e41f,864350a8971a8f8ee9e7b8472e2edc380a806b0c,True,True,True,PASS,True,1.0,1.0,True,True,c96b9346715519091c5667c4cec39ee037977029c4ccf93b984577777c4ffa45,8877720cebd556668975bbdf6a76437e268ceb9cf853e3cc3b6a69b2954db790,"[""RewardType.ENV_ASSERTION""]",True,,,False,[]
[mobile_data_issue]bad_vpn|data_saver_mode_on|user_abroad_roaming_disabled_on[PERSONA:None],telecom,normal,a2c024725189473d2d7cea3a5cfdbcc67478e41f,864350a8971a8f8ee9e7b8472e2edc380a806b0c,True,True,True,PASS,True,1.0,1.0,True,True,2da5e49ab6a97bbce5cb64f355ba8d00a355f4f5da29afa1909f369608de17c9,cecda5c3527aaba22dc0942af5a79c605a4d0f9e03ec5dc862f675a528190641,"[""RewardType.ENV_ASSERTION""]",True,,,False,[]
[mobile_data_issue]data_mode_off|data_usage_exceeded[PERSONA:None],telecom,normal,a2c024725189473d2d7cea3a5cfdbcc67478e41f,864350a8971a8f8ee9e7b8472e2edc380a806b0c,True,True,True,PASS,True,1.0,1.0,True,True,7067b3501cb13ce109e3a0eeaf98ddf7c4f729f29bf350fb9bb6501f7231bebc,f476da56fa00ed4276e2a0080b1f66e8770d38c4e8e98ad21f12a2fd40a04cd9,"[""RewardType.ENV_ASSERTION""]",True,,,False,[]
[mobile_data_issue]data_mode_off|data_usage_exceeded|user_abroad_roaming_disabled_off[PERSONA:Hard],telecom,normal,a2c024725189473d2d7cea3a5cfdbcc67478e41f,864350a8971a8f8ee9e7b8472e2edc380a806b0c,True,True,True,PASS,True,1.0,1.0,True,True,9ae7377d98ed528aec9f560d20ef05349b620ec369cdce460dbaf53f271c659b,b55b62c33e63d96bf4cf7fa5d8b18aa704d9b537598798ad95ae5d48963fc236,"[""RewardType.ENV_ASSERTION""]",True,,,False,[]
[mobile_data_issue]data_saver_mode_on|data_usage_exceeded[PERSONA:Easy],telecom,normal,a2c024725189473d2d7cea3a5cfdbcc67478e41f,864350a8971a8f8ee9e7b8472e2edc380a806b0c,True,True,True,PASS,True,1.0,1.0,True,True,b626e34b988753919fbe7d12f8a2ee48363baed6687731d50f35b951e1d53c6a,0947f4ffa19d87228eaded4ba2dc2f435584e7c1b6b84f511f832b48931fae68,"[""RewardType.ENV_ASSERTION""]",True,,,False,[]
[mobile_data_issue]data_usage_exceeded|user_abroad_roaming_enabled_off[PERSONA:Easy],telecom,normal,a2c024725189473d2d7cea3a5cfdbcc67478e41f,864350a8971a8f8ee9e7b8472e2edc380a806b0c,True,True,True,PASS,True,1.0,1.0,True,True,b4b4250a451d4b69468f894ef2de7bdc474519575c96b8c02ffe19b122495cae,4de9892f4d375336abf3cdab2a1f620c3e8e8d0b370cc82555812d21cd2912fd,"[""RewardType.ENV_ASSERTION""]",True,,,False,[]
[service_issue]airplane_mode_on|break_apn_settings[PERSONA:Hard],telecom,normal,a2c024725189473d2d7cea3a5cfdbcc67478e41f,864350a8971a8f8ee9e7b8472e2edc380a806b0c,True,True,True,PASS,True,1.0,1.0,True,True,8df3d5b772efb0465c1f90ed7f5d856e58c761b72678eadc744358573a8ee8b0,987dcbf265a177a6f7332166ab7e539e88f1345f27e45ed488d3c1fc06398d2b,"[""RewardType.ENV_ASSERTION""]",True,,,False,[]
[service_issue]airplane_mode_on|break_apn_settings|contract_end_suspension|unseat_sim_card[PERSONA:Easy],telecom,refusal,a2c024725189473d2d7cea3a5cfdbcc67478e41f,864350a8971a8f8ee9e7b8472e2edc380a806b0c,True,True,False,N/A,True,1.0,1.0,True,True,ba7f25df0ce904feb9b78de2b6eca659dcf92c0c7e213f0ad9a0e7b31ea95c0a,796905a6f8b79b8e19c10210c3181fa172611f4bf0a366984605f3f681be145d,"[""RewardType.ENV_ASSERTION"", ""RewardType.ACTION""]",True,,,False,"[""refusal_task""]"
[service_issue]airplane_mode_on|break_apn_settings|lock_sim_card_pin[PERSONA:None],telecom,refusal,a2c024725189473d2d7cea3a5cfdbcc67478e41f,864350a8971a8f8ee9e7b8472e2edc380a806b0c,True,True,False,N/A,True,1.0,1.0,True,True,4ec3e1b90f637b4081339b98d737c6656e7ae8dae3e84bf9edb8d24b8ac94e8f,6317f464f7622aaa0582a227e126fdedf6be75ad4f0443a5063cd3c0d13761ef,"[""RewardType.ENV_ASSERTION"", ""RewardType.ACTION""]",True,,,False,"[""refusal_task""]"
[service_issue]airplane_mode_on|break_apn_settings|lock_sim_card_pin|overdue_bill_suspension|unseat_sim_card[PERSONA:None],telecom,refusal,a2c024725189473d2d7cea3a5cfdbcc67478e41f,864350a8971a8f8ee9e7b8472e2edc380a806b0c,True,True,False,N/A,True,1.0,1.0,True,True,7be97831b68b51b6226d51e3ca0f70e20510d835b528c52ead666ccb50e06cd6,15c3e2b14a4c06ccc2d149257d61ea9be89dfb5ee3cf1325c115eb9cc5272280,"[""RewardType.ENV_ASSERTION"", ""RewardType.ACTION""]",True,,,False,"[""refusal_task""]"
[service_issue]airplane_mode_on|break_apn_settings|overdue_bill_suspension|unseat_sim_card[PERSONA:None],telecom,normal,a2c024725189473d2d7cea3a5cfdbcc67478e41f,864350a8971a8f8ee9e7b8472e2edc380a806b0c,True,True,True,PASS,True,1.0,1.0,True,True,c1f1819791d2ee1db5e2226c78e1acd5531c93ddfcb92422a2097e86ed944169,27a88d89efb4576a333b1c1d91bd677bf5b06ea07fdc5d7521f9e1e8d290dc46,"[""RewardType.ENV_ASSERTION""]",True,,,False,[]
[service_issue]airplane_mode_on|break_apn_settings|unseat_sim_card[PERSONA:None],telecom,normal,a2c024725189473d2d7cea3a5cfdbcc67478e41f,864350a8971a8f8ee9e7b8472e2edc380a806b0c,True,True,True,PASS,True,1.0,1.0,True,True,f24ef3c20d670457bf3cf1644dc3a1c9f11ff54caedceffcc01d00b02ebc8ad1,103cfc16433994a881745ee5bc294d931d6c96129189b3561a0ee661b5f307b9,"[""RewardType.ENV_ASSERTION""]",True,,,False,[]
[service_issue]airplane_mode_on|lock_sim_card_pin|overdue_bill_suspension|unseat_sim_card[PERSONA:Easy],telecom,refusal,a2c024725189473d2d7cea3a5cfdbcc67478e41f,864350a8971a8f8ee9e7b8472e2edc380a806b0c,True,True,False,N/A,True,1.0,1.0,True,True,15afaf75228eadc9f1c24dc49f9a2379046c1e8cd771ca498244226127f15440,389914b44ab32e6ebc7b1055cb6762486337071f03b0901adf44329700824edf,"[""RewardType.ENV_ASSERTION"", ""RewardType.ACTION""]",True,,,False,"[""refusal_task""]"
[service_issue]airplane_mode_on|lock_sim_card_pin|unseat_sim_card[PERSONA:Hard],telecom,refusal,a2c024725189473d2d7cea3a5cfdbcc67478e41f,864350a8971a8f8ee9e7b8472e2edc380a806b0c,True,True,False,N/A,True,1.0,1.0,True,True,e49e75b2d04fc8457215add2571d31dcce4898618c4e3f66e67ad744eb3af7f9,0b6b5f8074b9b6994041d7ab1a52cc226b026b3412a190698fa07c1934b7a46d,"[""RewardType.ENV_ASSERTION"", ""RewardType.ACTION""]",True,,,False,"[""refusal_task""]"
[service_issue]airplane_mode_on|overdue_bill_suspension|unseat_sim_card[PERSONA:Easy],telecom,normal,a2c024725189473d2d7cea3a5cfdbcc67478e41f,864350a8971a8f8ee9e7b8472e2edc380a806b0c,True,True,True,PASS,True,1.0,1.0,True,True,4587e677cbf8d36186105960feee29987c25ea1f744676adf51fb7708b191110,97e17160cd00fa57c91d130a00f46abb5b9361c28fd82723534f492c80984e2c,"[""RewardType.ENV_ASSERTION""]",True,,,False,[]
[service_issue]airplane_mode_on|unseat_sim_card[PERSONA:None],telecom,normal,a2c024725189473d2d7cea3a5cfdbcc67478e41f,864350a8971a8f8ee9e7b8472e2edc380a806b0c,True,True,True,PASS,True,1.0,1.0,True,True,689721930de35dc6aa6e0f2377a4ac86a5fc858c8adaad5c5ba8453187aa762e,7299d211107cede0a072e8e02767841551d39dcfa730e3f12e7491fb077a8513,"[""RewardType.ENV_ASSERTION""]",True,,,False,[]
[service_issue]break_apn_settings|lock_sim_card_pin|overdue_bill_suspension|unseat_sim_card[PERSONA:Easy],telecom,refusal,a2c024725189473d2d7cea3a5cfdbcc67478e41f,864350a8971a8f8ee9e7b8472e2edc380a806b0c,True,True,False,N/A,True,1.0,1.0,True,True,3b208562e904c4a9c139e4dffb029eeb294b67259dfb33f2655c74807bdc390b,8c598307c08f3411767e0c42dcb4362a74ca9008f9ab35b31315592b860f2ea0,"[""RewardType.ENV_ASSERTION"", ""RewardType.ACTION""]",True,,,False,"[""refusal_task""]"
[service_issue]break_apn_settings|overdue_bill_suspension|unseat_sim_card[PERSONA:Hard],telecom,normal,a2c024725189473d2d7cea3a5cfdbcc67478e41f,864350a8971a8f8ee9e7b8472e2edc380a806b0c,True,True,True,NOT_CONSTRUCTIBLE,True,1.0,1.0,True,True,6282f334ec2503ce2ce0396308262aeef1df6ad5c56cf82f326a3b8462003741,c0dcdb0823b9e418bb30085f8cc5eef71a3e3bb1f836478d09ec7637cf9fe5cd,"[""RewardType.ENV_ASSERTION""]",True,,,True,"[""alternative_not_constructible""]"
[service_issue]contract_end_suspension|lock_sim_card_pin[PERSONA:Hard],telecom,refusal,a2c024725189473d2d7cea3a5cfdbcc67478e41f,864350a8971a8f8ee9e7b8472e2edc380a806b0c,True,True,False,N/A,True,1.0,1.0,True,True,3a5ad09610b5b429e8e6d7e01b696c33a69ac10d2f7f7e528fcca8ef484f664a,98fe8b253011d4c01c6e126212069cb190ccf92e9c96f4772fdd4daa30f2d260,"[""RewardType.ENV_ASSERTION"", ""RewardType.ACTION""]",True,,,False,"[""refusal_task""]"
[service_issue]lock_sim_card_pin|overdue_bill_suspension[PERSONA:Easy],telecom,refusal,a2c024725189473d2d7cea3a5cfdbcc67478e41f,864350a8971a8f8ee9e7b8472e2edc380a806b0c,True,True,False,N/A,True,1.0,1.0,True,True,44842b78ff12278860775726d785aeafa1e519a313eea871404ad20582a4a813,523545a1842ee57b18b818cd0c625a66bd7b96647e0baf75de106dec2de75055,"[""RewardType.ENV_ASSERTION"", ""RewardType.ACTION""]",True,,,False,"[""refusal_task""]"
[mms_issue]airplane_mode_on|bad_network_preference|bad_wifi_calling|break_apn_mms_setting|break_app_both_permissions|unseat_sim_card|user_abroad_roaming_enabled_off[PERSONA:Hard],telecom,normal,a2c024725189473d2d7cea3a5cfdbcc67478e41f,864350a8971a8f8ee9e7b8472e2edc380a806b0c,True,True,True,PASS,True,1.0,1.0,True,True,9c11dc3dce17158dcc3c33634602f74a82da9d5d187944c690b309fb822db5a9,9c3561a47b97779bc97aa03ff3abd42e487dec1400ae8ef283800243e0b443af,"[""RewardType.ENV_ASSERTION""]",True,,,False,[]
[mms_issue]airplane_mode_on|bad_network_preference|bad_wifi_calling|break_apn_mms_setting|break_app_sms_permission|data_mode_off|data_usage_exceeded|unseat_sim_card|user_abroad_roaming_disabled_on[PERSONA:None],telecom,normal,a2c024725189473d2d7cea3a5cfdbcc67478e41f,864350a8971a8f8ee9e7b8472e2edc380a806b0c,True,True,True,PASS,True,1.0,1.0,True,True,c32f6827ddc79b97a00afbfba1533b039854fb2857e7f8cd4a2b17f26f9b3d86,d0e5ddc89113a3f94ce8304b38cea9119c0ff6b46983e73d3ff2410e78708582,"[""RewardType.ENV_ASSERTION""]",True,,,False,[]
[mms_issue]airplane_mode_on|bad_network_preference|bad_wifi_calling|break_apn_mms_setting|break_app_storage_permission|data_mode_off|data_usage_exceeded|unseat_sim_card|user_abroad_roaming_disabled_on[PERSONA:Easy],telecom,normal,a2c024725189473d2d7cea3a5cfdbcc67478e41f,864350a8971a8f8ee9e7b8472e2edc380a806b0c,True,True,True,PASS,True,1.0,1.0,True,True,4debd69d104201ddf012770c3a51744adc3fae7220066d9c247a6821b7dd7824,cb2df9ffdd72091286276691e2c9910f45db31179f5e90f39eee7d49ea1cfbc7,"[""RewardType.ENV_ASSERTION""]",True,,,False,[]
[mms_issue]airplane_mode_on|bad_network_preference|break_app_both_permissions|data_usage_exceeded|unseat_sim_card|user_abroad_roaming_disabled_on[PERSONA:Hard],telecom,normal,a2c024725189473d2d7cea3a5cfdbcc67478e41f,864350a8971a8f8ee9e7b8472e2edc380a806b0c,True,True,True,PASS,True,1.0,1.0,True,True,748b169d27e394162d8f4c9124c8d7c8ccd1fa309ed550f3e3926d43cd5b7b54,ce7d3ea7db6fefd77ca697ddc25e4e5063e00dec3cb977784ac899ecc7c563c3,"[""RewardType.ENV_ASSERTION""]",True,,,False,[]
[mms_issue]airplane_mode_on|bad_network_preference|break_app_storage_permission|data_mode_off|user_abroad_roaming_enabled_off[PERSONA:Easy],telecom,normal,a2c024725189473d2d7cea3a5cfdbcc67478e41f,864350a8971a8f8ee9e7b8472e2edc380a806b0c,True,True,True,PASS,True,1.0,1.0,True,True,22da841256f633b62f65a68a79e2d77569676ba6160d41ceb1ccbd5a383003c2,10ef35f250d90726e15cbc83579217610f5d7640a8f90579888b738181e90b63,"[""RewardType.ENV_ASSERTION""]",True,,,False,[]
[mms_issue]airplane_mode_on|bad_wifi_calling|break_app_both_permissions|data_mode_off|data_usage_exceeded|unseat_sim_card|user_abroad_roaming_enabled_off[PERSONA:None],telecom,normal,a2c024725189473d2d7cea3a5cfdbcc67478e41f,864350a8971a8f8ee9e7b8472e2edc380a806b0c,True,True,True,PASS,True,1.0,1.0,True,True,57d72a56a004f09a6f38ca056a9b23efe95377836856b63159bb0ff27a5adb16,dfb753b38659df810c0103ae0316c68c727c8df0320010c008765a49ac92e545,"[""RewardType.ENV_ASSERTION""]",True,,,False,[]
[mms_issue]airplane_mode_on|bad_wifi_calling|user_abroad_roaming_enabled_off[PERSONA:Easy],telecom,normal,a2c024725189473d2d7cea3a5cfdbcc67478e41f,864350a8971a8f8ee9e7b8472e2edc380a806b0c,True,True,True,PASS,True,1.0,1.0,True,True,bd177311b7666476bf03b462fa5caab8928a2c2e22dab5680740b0b1500f1c80,c03b9c5e1d3214067fb832ab9533086781fb2334f18d0706a5b4d70c3d235f81,"[""RewardType.ENV_ASSERTION""]",True,,,False,[]
[mms_issue]airplane_mode_on|break_app_both_permissions[PERSONA:Hard],telecom,normal,a2c024725189473d2d7cea3a5cfdbcc67478e41f,864350a8971a8f8ee9e7b8472e2edc380a806b0c,True,True,True,PASS,True,1.0,1.0,True,True,29dcb2843206f1d319cb12517fae196ea9117325ac8b78d6875d9f44103fc841,14006c416d6702ef9018a95f3a0bd7d0457b12973091d7a9c8eeb7889d61cdcb,"[""RewardType.ENV_ASSERTION""]",True,,,False,[]
[mms_issue]airplane_mode_on|break_app_both_permissions|data_usage_exceeded|user_abroad_roaming_disabled_off[PERSONA:None],telecom,normal,a2c024725189473d2d7cea3a5cfdbcc67478e41f,864350a8971a8f8ee9e7b8472e2edc380a806b0c,True,True,True,PASS,True,1.0,1.0,True,True,f8d40f42057c795f35f803ef9b7271f2420ea59b79543fe00ae272d86a77de6a,0014289a1773b69b2a957f6a809522a508d232d57b05d51fd0ed110093951e27,"[""RewardType.ENV_ASSERTION""]",True,,,False,[]
[mms_issue]bad_network_preference|bad_wifi_calling|break_app_sms_permission|data_mode_off|data_usage_exceeded|unseat_sim_card|user_abroad_roaming_enabled_off[PERSONA:Easy],telecom,normal,a2c024725189473d2d7cea3a5cfdbcc67478e41f,864350a8971a8f8ee9e7b8472e2edc380a806b0c,True,True,True,PASS,True,1.0,1.0,True,True,f7e10f203987fe6f330cf3ff19ef6ce041ab84fc5cee8fde21dba683cb346d85,ff0bc151dd3f2608e634a1ce3131ea32a2b0f53427ee20df61a9b9925dab4006,"[""RewardType.ENV_ASSERTION""]",True,,,False,[]
[mms_issue]bad_network_preference|break_app_both_permissions[PERSONA:Easy],telecom,normal,a2c024725189473d2d7cea3a5cfdbcc67478e41f,864350a8971a8f8ee9e7b8472e2edc380a806b0c,True,True,True,PASS,True,1.0,1.0,True,True,d8a7846ae2bf48b27f352b077b734a90d75685d0d6088997d996b1943c5d67c4,27d7c99a7fec7da3e1be9f85a2b912154aaaffae32029e571837eaa42241ce67,"[""RewardType.ENV_ASSERTION""]",True,,,False,[]
[mms_issue]bad_network_preference|break_app_sms_permission|user_abroad_roaming_disabled_on[PERSONA:Hard],telecom,normal,a2c024725189473d2d7cea3a5cfdbcc67478e41f,864350a8971a8f8ee9e7b8472e2edc380a806b0c,True,True,True,PASS,True,1.0,1.0,True,True,bc523d2a47219572f425f70cfc62311e09a6669f4d6fc7365fae814df9d8296a,1aa806b4e4dcdc18b213875e1b5b1fefc630231a7fc62bd483f5d526bfcad4f8,"[""RewardType.ENV_ASSERTION""]",True,,,False,[]
[mms_issue]bad_network_preference|data_mode_off|user_abroad_roaming_disabled_on[PERSONA:None],telecom,normal,a2c024725189473d2d7cea3a5cfdbcc67478e41f,864350a8971a8f8ee9e7b8472e2edc380a806b0c,True,True,True,PASS,True,1.0,1.0,True,True,0d9e3505858046c958c6149e3d945886ead2526d5058d81c3a6a85854f2ea57a,a23bbdd7b50b21e838b2995b539741669bf97554f9e124726b1a7c1e07c7c23e,"[""RewardType.ENV_ASSERTION""]",True,,,False,[]
[mms_issue]bad_wifi_calling|break_apn_mms_setting|break_app_both_permissions|data_mode_off|data_usage_exceeded|user_abroad_roaming_disabled_off[PERSONA:None],telecom,normal,a2c024725189473d2d7cea3a5cfdbcc67478e41f,864350a8971a8f8ee9e7b8472e2edc380a806b0c,True,True,True,PASS,True,1.0,1.0,True,True,452ad05cb5826d08807c46c1a20659830cc246216891ac9553832365b3508a20,4bb450062ee955dabb0631bc98140bc258c3899617dbf4e37a32a393d5893dea,"[""RewardType.ENV_ASSERTION""]",True,,,False,[]
[mms_issue]break_apn_mms_setting|user_abroad_roaming_enabled_off[PERSONA:Hard],telecom,normal,a2c024725189473d2d7cea3a5cfdbcc67478e41f,864350a8971a8f8ee9e7b8472e2edc380a806b0c,True,True,True,NOT_CONSTRUCTIBLE,True,1.0,1.0,True,True,d0a142abb3ad963d3223813024e5c44bd6f2ecc1c7ad76ee4c5c96833b418d40,e171b4ddd68c4362113accee3241dd33aa9b4548f114221bbe3191f2fe8b00a8,"[""RewardType.ENV_ASSERTION""]",True,,,True,"[""alternative_not_constructible""]"
[mms_issue]break_app_sms_permission|data_mode_off[PERSONA:None],telecom,normal,a2c024725189473d2d7cea3a5cfdbcc67478e41f,864350a8971a8f8ee9e7b8472e2edc380a806b0c,True,True,True,PASS,True,1.0,1.0,True,True,3b90584569c02f55ed8904c68fbf96cb91b0fe8c17ac445703763921b4419a5d,40be7f4902be77a5f09ef8b165707f11261223805745f4733bebd24f5c93c50d,"[""RewardType.ENV_ASSERTION""]",True,,,False,[]
[mobile_data_issue]airplane_mode_on|bad_network_preference|bad_vpn|data_mode_off|data_saver_mode_on|data_usage_exceeded|user_abroad_roaming_enabled_off[PERSONA:Easy],telecom,normal,a2c024725189473d2d7cea3a5cfdbcc67478e41f,864350a8971a8f8ee9e7b8472e2edc380a806b0c,True,True,True,PASS,True,1.0,1.0,True,True,dde27caff6937db9351c98d836b393bfca081da494954aadb5b501be6ed78fc9,c8f335baeee7e1a06b7374131d77e12a76f0f622df5232beec296ca807a0dd03,"[""RewardType.ENV_ASSERTION""]",True,,,False,[]
[mobile_data_issue]airplane_mode_on|bad_network_preference|data_mode_off|data_saver_mode_on[PERSONA:Hard],telecom,normal,a2c024725189473d2d7cea3a5cfdbcc67478e41f,864350a8971a8f8ee9e7b8472e2edc380a806b0c,True,True,True,PASS,True,1.0,1.0,True,True,41e828a417253b3bdb3d581907350cd2eaff619e50d940a10fcaa8334a18f860,001cbf9b93bb846181f85f0660f8c4efff0759749623ef78019c42784dea34d1,"[""RewardType.ENV_ASSERTION""]",True,,,False,[]
[mobile_data_issue]airplane_mode_on|data_mode_off|data_saver_mode_on|data_usage_exceeded|user_abroad_roaming_enabled_off[PERSONA:Hard],telecom,normal,a2c024725189473d2d7cea3a5cfdbcc67478e41f,864350a8971a8f8ee9e7b8472e2edc380a806b0c,True,True,True,PASS,True,1.0,1.0,True,True,773f324f09c1e89269ba6ae16c4807c2986a02c9c468e09a424712638c0f3f99,f11708045f15e1b3c419b29b8f31c54e0d83dbe9330f401e8529194c3e5c2638,"[""RewardType.ENV_ASSERTION""]",True,,,False,[]
[mobile_data_issue]airplane_mode_on|data_saver_mode_on|user_abroad_roaming_disabled_on[PERSONA:None],telecom,normal,a2c024725189473d2d7cea3a5cfdbcc67478e41f,864350a8971a8f8ee9e7b8472e2edc380a806b0c,True,True,True,PASS,True,1.0,1.0,True,True,eeafa679024cadab24bbbe2b98b730b7a232259f00a65c67f1575e703c004426,2bd83cfa32b485ea8ad34dcf7cbed449243519c9e15bb1597ff4b3ddddff045f,"[""RewardType.ENV_ASSERTION""]",True,,,False,[]
[mobile_data_issue]bad_network_preference|bad_vpn|data_mode_off|data_saver_mode_on|data_usage_exceeded|user_abroad_roaming_enabled_off[PERSONA:Easy],telecom,normal,a2c024725189473d2d7cea3a5cfdbcc67478e41f,864350a8971a8f8ee9e7b8472e2edc380a806b0c,True,True,True,PASS,True,1.0,1.0,True,True,7d57abf41f412ff432044be77d8b951970c91493c111a3deee69ba0af937b491,90cd3d94851340e16cc5df5fae1b03340c7dcc7a75b79dbd1c706e4735c1b1b9,"[""RewardType.ENV_ASSERTION""]",True,,,False,[]
[mobile_data_issue]bad_network_preference|bad_vpn|data_saver_mode_on|data_usage_exceeded|user_abroad_roaming_disabled_off[PERSONA:Easy],telecom,normal,a2c024725189473d2d7cea3a5cfdbcc67478e41f,864350a8971a8f8ee9e7b8472e2edc380a806b0c,True,True,True,PASS,True,1.0,1.0,True,True,876f1a86ecbe7352269cc7235728e8929ae615490f3556e235cfb902bf58bd4c,293a58332fbdac4ee7efe6ee25af05f100d56e2757a24d4bf5f940655c541699,"[""RewardType.ENV_ASSERTION""]",True,,,False,[]
[mobile_data_issue]bad_network_preference|bad_vpn|user_abroad_roaming_disabled_off[PERSONA:Hard],telecom,normal,a2c024725189473d2d7cea3a5cfdbcc67478e41f,864350a8971a8f8ee9e7b8472e2edc380a806b0c,True,True,True,PASS,True,1.0,1.0,True,True,e0152b81aba937a04a815fe2aeaa6cafc1f09b1a17025bfb361dc8009f0a96bd,fa4500a0ec23701b2a494f561cd8e54b2edbef47314ca07ffdd799bc77c8e31f,"[""RewardType.ENV_ASSERTION""]",True,,,False,[]
[mobile_data_issue]bad_vpn|data_mode_off|data_usage_exceeded|user_abroad_roaming_disabled_off[PERSONA:None],telecom,normal,a2c024725189473d2d7cea3a5cfdbcc67478e41f,864350a8971a8f8ee9e7b8472e2edc380a806b0c,True,True,True,PASS,True,1.0,1.0,True,True,658b638357eb5c51d6c40ee0c1f1a92fa6a8e5c02704401c6ce09f0d65c55af2,c35711b855d1230326c2b9b1389f98a9ea8ec9d4975148e9c175f43f349d57b3,"[""RewardType.ENV_ASSERTION""]",True,,,False,[]
[mobile_data_issue]data_saver_mode_on|user_abroad_roaming_enabled_off[PERSONA:Easy],telecom,normal,a2c024725189473d2d7cea3a5cfdbcc67478e41f,864350a8971a8f8ee9e7b8472e2edc380a806b0c,True,True,True,PASS,True,1.0,1.0,True,True,e3874a85e40f90f03bf10e2e85ca21f5ea8515842d2a4b4e8a86d16d52408df3,45b511419c9ce722174f40e42d4395cdce5a8eb0f54a441b30681857e06d30d9,"[""RewardType.ENV_ASSERTION""]",True,,,False,[]
[service_issue]airplane_mode_on|break_apn_settings|contract_end_suspension|lock_sim_card_pin[PERSONA:None],telecom,refusal,a2c024725189473d2d7cea3a5cfdbcc67478e41f,864350a8971a8f8ee9e7b8472e2edc380a806b0c,True,True,False,N/A,True,1.0,1.0,True,True,2f9cd2ad0abfc8e50baed98bd7f16b1d506989f2eb28963021918e6e8ffc410e,612573089bf1a163d18603f663087376cced35ea2a592460f543ec0c10b11e4a,"[""RewardType.ENV_ASSERTION"", ""RewardType.ACTION""]",True,,,False,"[""refusal_task""]"
[service_issue]airplane_mode_on|break_apn_settings|contract_end_suspension|lock_sim_card_pin|unseat_sim_card[PERSONA:Easy],telecom,refusal,a2c024725189473d2d7cea3a5cfdbcc67478e41f,864350a8971a8f8ee9e7b8472e2edc380a806b0c,True,True,False,N/A,True,1.0,1.0,True,True,470e1c57f72ff3808f0b4a94b3d370042b8164341846fa31c576237450912b82,c25b95824269b9caf9453d151c2e322088e4640f247915884f92520992e7d0f8,"[""RewardType.ENV_ASSERTION"", ""RewardType.ACTION""]",True,,,False,"[""refusal_task""]"
[service_issue]airplane_mode_on|break_apn_settings|lock_sim_card_pin|overdue_bill_suspension[PERSONA:Hard],telecom,refusal,a2c024725189473d2d7cea3a5cfdbcc67478e41f,864350a8971a8f8ee9e7b8472e2edc380a806b0c,True,True,False,N/A,True,1.0,1.0,True,True,ad30cb3fca96025669e24e1260dd66ea319e210299ba506cdbae5e88213bf712,8a557e10d710190bf3b6272f6fa5cc24a06f16f64994d8f00a77906b6b8ff349,"[""RewardType.ENV_ASSERTION"", ""RewardType.ACTION""]",True,,,False,"[""refusal_task""]"
[service_issue]airplane_mode_on|break_apn_settings|lock_sim_card_pin|unseat_sim_card[PERSONA:None],telecom,refusal,a2c024725189473d2d7cea3a5cfdbcc67478e41f,864350a8971a8f8ee9e7b8472e2edc380a806b0c,True,True,False,N/A,True,1.0,1.0,True,True,28db2879c100ab593bebd3c9caf6951375d0d00401c5cbf6bdf67c5a9782fb54,06b72860019f305e04e4bf4d05c240f1ec81803f67b8ed83a442c564ac2af000,"[""RewardType.ENV_ASSERTION"", ""RewardType.ACTION""]",True,,,False,"[""refusal_task""]"
[service_issue]airplane_mode_on|break_apn_settings|overdue_bill_suspension[PERSONA:None],telecom,normal,a2c024725189473d2d7cea3a5cfdbcc67478e41f,864350a8971a8f8ee9e7b8472e2edc380a806b0c,True,True,True,PASS,True,1.0,1.0,True,True,1c88b8b8855ea0c57c64dab3596a6a4814fb95f91f09ef65cccc4224e67a13d6,a119d7e60dfaa109984dcdac6592b6a28662de29bb43d9b9cb030e290a013d04,"[""RewardType.ENV_ASSERTION""]",True,,,False,[]
[service_issue]airplane_mode_on|contract_end_suspension|lock_sim_card_pin|unseat_sim_card[PERSONA:Hard],telecom,refusal,a2c024725189473d2d7cea3a5cfdbcc67478e41f,864350a8971a8f8ee9e7b8472e2edc380a806b0c,True,True,False,N/A,True,1.0,1.0,True,True,11adfd4ce4aa1cd62773e1a93d32af3564409a88aba56595c7de2da0bff1ca5f,c363f40f55b2a9369433a1ba5b1b483e90c26e307a849653a7ae065a6a3774f2,"[""RewardType.ENV_ASSERTION"", ""RewardType.ACTION""]",True,,,False,"[""refusal_task""]"
[service_issue]airplane_mode_on|lock_sim_card_pin[PERSONA:Easy],telecom,refusal,a2c024725189473d2d7cea3a5cfdbcc67478e41f,864350a8971a8f8ee9e7b8472e2edc380a806b0c,True,True,False,N/A,True,1.0,1.0,True,True,3734a93c63b6802e45fccd4694b19e6f8e7c6eccda38f1e0f883097feb78e7f8,b79d4461ad542eebfc47ada2ea41a273886b3b62bcc1befc67cfea1351333930,"[""RewardType.ENV_ASSERTION"", ""RewardType.ACTION""]",True,,,False,"[""refusal_task""]"
[service_issue]airplane_mode_on|lock_sim_card_pin|overdue_bill_suspension[PERSONA:Easy],telecom,refusal,a2c024725189473d2d7cea3a5cfdbcc67478e41f,864350a8971a8f8ee9e7b8472e2edc380a806b0c,True,True,False,N/A,True,1.0,1.0,True,True,832b163a82144f6f66ff70cc06e00fed6de50bb1bc0ebdc6148720296fdd758c,fd68ed574382aa0b1f519b1f00ed1b4cb3383277c9fefda436d49431bcd8fc12,"[""RewardType.ENV_ASSERTION"", ""RewardType.ACTION""]",True,,,False,"[""refusal_task""]"
[service_issue]airplane_mode_on|overdue_bill_suspension[PERSONA:None],telecom,normal,a2c024725189473d2d7cea3a5cfdbcc67478e41f,864350a8971a8f8ee9e7b8472e2edc380a806b0c,True,True,True,PASS,True,1.0,1.0,True,True,02ca107f779b12d3cd1102282bb8518a231adade9dd5957f841c3c99cf49c9c0,b8650772e0141425273ada155e6f37240d4de8a426d5b23fe51a1f8bef9b4131,"[""RewardType.ENV_ASSERTION""]",True,,,False,[]
[service_issue]break_apn_settings|contract_end_suspension|lock_sim_card_pin[PERSONA:Hard],telecom,refusal,a2c024725189473d2d7cea3a5cfdbcc67478e41f,864350a8971a8f8ee9e7b8472e2edc380a806b0c,True,True,False,N/A,True,1.0,1.0,True,True,01a2f3cfb6ffe2a8540e9baab43d0fbde389696f437440dd2b40b68cf8fa4b8b,3fc684163a1a7f35a8dd0ef7e76f23ed8fc3ebfb318b8fd2412ae7f76ed51573,"[""RewardType.ENV_ASSERTION"", ""RewardType.ACTION""]",True,,,False,"[""refusal_task""]"
[service_issue]break_apn_settings|contract_end_suspension|lock_sim_card_pin|unseat_sim_card[PERSONA:Hard],telecom,refusal,a2c024725189473d2d7cea3a5cfdbcc67478e41f,864350a8971a8f8ee9e7b8472e2edc380a806b0c,True,True,False,N/A,True,1.0,1.0,True,True,b6d9d774bea670cac72e084385e7a6f140509a6aaae1b9c280555d518a7140c7,8b1a421e451d9c7e6b98cb9a11e1394bbe7f0b0046ffa5c6eb0322f93abd08fb,"[""RewardType.ENV_ASSERTION"", ""RewardType.ACTION""]",True,,,False,"[""refusal_task""]"
[service_issue]break_apn_settings|lock_sim_card_pin[PERSONA:None],telecom,refusal,a2c024725189473d2d7cea3a5cfdbcc67478e41f,864350a8971a8f8ee9e7b8472e2edc380a806b0c,True,True,False,N/A,True,1.0,1.0,True,True,16ef7cc44c79b5368dfa309ef9fcfb3e6893ad678a045beba3d2bf0694dfbafb,a1f836000d61c5c34b6ae3cd5db5b4830714599c5918f148ec5e6961709d3008,"[""RewardType.ENV_ASSERTION"", ""RewardType.ACTION""]",True,,,False,"[""refusal_task""]"
[service_issue]break_apn_settings|lock_sim_card_pin|overdue_bill_suspension[PERSONA:Easy],telecom,refusal,a2c024725189473d2d7cea3a5cfdbcc67478e41f,864350a8971a8f8ee9e7b8472e2edc380a806b0c,True,True,False,N/A,True,1.0,1.0,True,True,505db36ddeea72dc2401023dae722a5fc4c10caaba679beeda0d301f42c8baeb,69c5eeefa1e9943eda2a194eef84c2d0b3faf62867fd714642b0615ca59d95fb,"[""RewardType.ENV_ASSERTION"", ""RewardType.ACTION""]",True,,,False,"[""refusal_task""]"
[service_issue]contract_end_suspension|unseat_sim_card[PERSONA:Hard],telecom,refusal,a2c024725189473d2d7cea3a5cfdbcc67478e41f,864350a8971a8f8ee9e7b8472e2edc380a806b0c,True,True,False,N/A,True,1.0,1.0,True,True,6513014d55d68290646e40ee8bba636ff659cdfb11ab02a15b32bdee381ff80f,5700af4503e9bf302c7e521488a17f10faf995b1811e5cfebb8b4fa42df2aaf1,"[""RewardType.ENV_ASSERTION"", ""RewardType.ACTION""]",True,,,False,"[""refusal_task""]"
[service_issue]overdue_bill_suspension|unseat_sim_card[PERSONA:Easy],telecom,normal,a2c024725189473d2d7cea3a5cfdbcc67478e41f,864350a8971a8f8ee9e7b8472e2edc380a806b0c,True,True,True,NOT_CONSTRUCTIBLE,True,1.0,1.0,True,True,fe2b97145ea96c3625b99328e6ba95bae0396c6d20a18854dea3e445cd791fd0,77ca2ec493e9191aba2ede49efcb3340079366363f5b0e08289e9cbe7c61dcf7,"[""RewardType.ENV_ASSERTION""]",True,,,True,"[""alternative_not_constructible""]"
